{"arch_packages":"mips_24kc","default_packages":["base-files","busybox","ca-bundle","dnsmasq","dropbear","firewall","fstools","ip6tables","iptables","kmod-ath9k","kmod-gpio-button-hotplug","kmod-ipt-offload","libc","libgcc","libustream-wolfssl","logd","mtd","netifd","odhcp6c","odhcpd-ipv6only","opkg","ppp","ppp-mod-pppoe","procd","swconfig","uboot-envtools","uci","uclient-fetch","urandom-seed","urngd","wpad-basic-wolfssl"],"metadata_version":1,"profiles":{"glinet_gl-ar300m-nand":{"device_packages":["kmod-usb2"],"image_prefix":"openwrt-21.02.3-ath79-nand-glinet_gl-ar300m-nand","images":[{"filesystem":"squashfs","name":"openwrt-21.02.3-ath79-nand-glinet_gl-ar300m-nand-squashfs-sysupgrade.bin","sha256":"763b6c330aa6885b2a3104caf77905e6a25710d23072c3170711131fb481dc28","type":"sysupgrade"},{"filesystem":"squashfs","name":"openwrt-21.02.3-ath79-nand-glinet_gl-ar300m-nand-squashfs-factory.img","sha256":"243e6e9b858059e13116126b3370c0d57d81931b59698538b36fe1db5725a17e","type":"factory"}],"supported_devices":["glinet,gl-ar300m-nand","glinet,gl-ar300m-nor"],"titles":[{"model":"GL-AR300M","variant":"NAND","vendor":"GL.iNet"}]}},"source_date_epoch":"1650113974","target":"ath79/nand","version_code":"r16554-1d4dea6d4f","version_number":"21.02.3"}