{"arch_packages":"mipsel_24kc","default_packages":["base-files","busybox","ca-bundle","dnsmasq","dropbear","firewall","fstools","ip6tables","iptables","kmod-gpio-button-hotplug","kmod-ipt-offload","kmod-leds-gpio","kmod-mt7603","libc","libgcc","libustream-wolfssl","logd","mtd","netifd","odhcp6c","odhcpd-ipv6only","opkg","ppp","ppp-mod-pppoe","procd","swconfig","uci","uclient-fetch","urandom-seed","urngd","wpad-basic-wolfssl"],"metadata_version":1,"profiles":{"glinet_gl-mt300n-v2":{"device_packages":["kmod-usb2","kmod-usb-ohci"],"image_prefix":"openwrt-21.02.3-ramips-mt76x8-glinet_gl-mt300n-v2","images":[{"filesystem":"squashfs","name":"openwrt-21.02.3-ramips-mt76x8-glinet_gl-mt300n-v2-squashfs-sysupgrade.bin","sha256":"726701ed93b43620d4c05ea2feea99313413b18f3f593551636d32cd87610842","type":"sysupgrade"}],"supported_devices":["glinet,gl-mt300n-v2","gl-mt300n-v2"],"titles":[{"model":"GL-MT300N","variant":"V2","vendor":"GL.iNet"}]}},"source_date_epoch":"1650113974","target":"ramips/mt76x8","version_code":"r16554-1d4dea6d4f","version_number":"21.02.3"}