{"arch_packages":"mips_24kc","default_packages":["base-files","busybox","ca-bundle","dnsmasq","dropbear","firewall","fstools","ip6tables","iptables","kmod-ath9k","kmod-gpio-button-hotplug","kmod-ipt-offload","libc","libgcc","libustream-wolfssl","logd","mtd","netifd","odhcp6c","odhcpd-ipv6only","opkg","ppp","ppp-mod-pppoe","procd","swconfig","uboot-envtools","uci","uclient-fetch","urandom-seed","urngd","wpad-basic-wolfssl"],"metadata_version":1,"profiles":{"glinet_gl-ar300m-nor":{"device_packages":["kmod-usb2"],"image_prefix":"openwrt-21.02.3-ath79-nand-glinet_gl-ar300m-nor","images":[{"filesystem":"squashfs","name":"openwrt-21.02.3-ath79-nand-glinet_gl-ar300m-nor-squashfs-sysupgrade.bin","sha256":"753f1eac0956ec626ca80bc7a178c97c17bad84f5c760b58750bbed36369c6eb","type":"sysupgrade"}],"supported_devices":["glinet,gl-ar300m-nor","glinet,gl-ar300m-nand","gl-ar300m"],"titles":[{"model":"GL-AR300M","variant":"NOR","vendor":"GL.iNet"}]}},"source_date_epoch":"1650113974","target":"ath79/nand","version_code":"r16554-1d4dea6d4f","version_number":"21.02.3"}