{"arch_packages":"arm_cortex-a9_vfpv3-d16","default_packages":["base-files","busybox","ca-bundle","dnsmasq","dropbear","firewall","fstools","ip6tables","iptables","kmod-gpio-button-hotplug","kmod-ipt-offload","libc","libgcc","libustream-wolfssl","logd","mtd","netifd","odhcp6c","odhcpd-ipv6only","opkg","ppp","ppp-mod-pppoe","procd","uboot-envtools","uci","uclient-fetch","urandom-seed","urngd"],"metadata_version":1,"profiles":{"linksys_wrt1200ac":{"device_packages":["kmod-mwlwifi","wpad-basic-wolfssl","mwlwifi-firmware-88w8864","iwinfo"],"image_prefix":"openwrt-21.02.3-mvebu-cortexa9-linksys_wrt1200ac","images":[{"filesystem":"squashfs","name":"openwrt-21.02.3-mvebu-cortexa9-linksys_wrt1200ac-squashfs-factory.img","sha256":"efb4d73b98b462009e433cbab72e768711ec355e660351f2aad4b7cbc9f04cdf","type":"factory"},{"filesystem":"squashfs","name":"openwrt-21.02.3-mvebu-cortexa9-linksys_wrt1200ac-squashfs-sysupgrade.bin","sha256":"5560e20967d81c0fd9cac93b415ce4e086e677f4b9b4defd0f53f18df68a4018","type":"sysupgrade"}],"supported_devices":["linksys,wrt1200ac","armada-385-linksys-caiman","linksys,caiman"],"titles":[{"model":"WRT1200AC","vendor":"Linksys"},{"model":"Caiman","vendor":"Linksys"}]}},"source_date_epoch":"1650113974","target":"mvebu/cortexa9","version_code":"r16554-1d4dea6d4f","version_number":"21.02.3"}