{"arch_packages":"arm_cortex-a9_vfpv3-d16","default_packages":["base-files","busybox","ca-bundle","dnsmasq","dropbear","firewall","fstools","ip6tables","iptables","kmod-gpio-button-hotplug","kmod-ipt-offload","libc","libgcc","libustream-wolfssl","logd","mtd","netifd","odhcp6c","odhcpd-ipv6only","opkg","ppp","ppp-mod-pppoe","procd","uboot-envtools","uci","uclient-fetch","urandom-seed","urngd"],"metadata_version":1,"profiles":{"linksys_wrt32x":{"device_packages":["kmod-mwlwifi","wpad-basic-wolfssl","kmod-btmrvl","kmod-mwifiex-sdio","mwlwifi-firmware-88w8964","iwinfo"],"image_prefix":"openwrt-21.02.3-mvebu-cortexa9-linksys_wrt32x","images":[{"filesystem":"squashfs","name":"openwrt-21.02.3-mvebu-cortexa9-linksys_wrt32x-squashfs-factory.img","sha256":"26425461a16b54413b603903f7a23b43f3dc9fe2feb396840ee68e7af2acf7ff","type":"factory"},{"filesystem":"squashfs","name":"openwrt-21.02.3-mvebu-cortexa9-linksys_wrt32x-squashfs-sysupgrade.bin","sha256":"8d352a9b6d79453be0be686cc61b85588b9ee1b55d285ed91e6a36f1170c1a73","type":"sysupgrade"}],"supported_devices":["linksys,wrt32x","armada-385-linksys-venom","linksys,venom"],"titles":[{"model":"WRT32X","vendor":"Linksys"},{"model":"Venom","vendor":"Linksys"}]}},"source_date_epoch":"1650113974","target":"mvebu/cortexa9","version_code":"r16554-1d4dea6d4f","version_number":"21.02.3"}