{"arch_packages":"mips_24kc","default_packages":["base-files","busybox","ca-bundle","dnsmasq","dropbear","firewall","fstools","ip6tables","iptables","kmod-ath9k","kmod-gpio-button-hotplug","kmod-ipt-offload","libc","libgcc","libustream-wolfssl","logd","mtd","netifd","odhcp6c","odhcpd-ipv6only","opkg","ppp","ppp-mod-pppoe","procd","swconfig","uboot-envtools","uci","uclient-fetch","urandom-seed","urngd","wpad-basic-wolfssl"],"metadata_version":1,"profiles":{"glinet_gl-ar750s-nor":{"device_packages":["kmod-ath10k-ct","ath10k-firmware-qca9887-ct","kmod-usb2","kmod-usb-storage","block-mount"],"image_prefix":"openwrt-21.02.3-ath79-nand-glinet_gl-ar750s-nor","images":[{"filesystem":"squashfs","name":"openwrt-21.02.3-ath79-nand-glinet_gl-ar750s-nor-squashfs-sysupgrade.bin","sha256":"4a26f0655ede3c10a4f62ae2f9c9a0d8e5507ee1c8b8df3992968db25010debe","type":"sysupgrade"}],"supported_devices":["glinet,gl-ar750s-nor","gl-ar750s","glinet,gl-ar750s","glinet,gl-ar750s-nor-nand"],"titles":[{"model":"GL-AR750S","variant":"NOR","vendor":"GL.iNet"}]},"glinet_gl-ar750s-nor-nand":{"device_packages":["kmod-ath10k-ct","ath10k-firmware-qca9887-ct","kmod-usb2","kmod-usb-storage","block-mount"],"image_prefix":"openwrt-21.02.3-ath79-nand-glinet_gl-ar750s-nor-nand","images":[{"filesystem":"squashfs","name":"openwrt-21.02.3-ath79-nand-glinet_gl-ar750s-nor-nand-squashfs-sysupgrade.bin","sha256":"b39ab083da70ff31adc397377619f8c8d1d62bb2659ba2d019569129dcb34188","type":"sysupgrade"}],"supported_devices":["glinet,gl-ar750s-nor-nand","glinet,gl-ar750s-nor"],"titles":[{"model":"GL-AR750S","variant":"NOR/NAND","vendor":"GL.iNet"}]}},"source_date_epoch":"1650113974","target":"ath79/nand","version_code":"r16554-1d4dea6d4f","version_number":"21.02.3"}