{"arch_packages":"arm_cortex-a7_neon-vfpv4","default_packages":["ath10k-firmware-qca4019-ct","base-files","busybox","ca-bundle","dnsmasq","dropbear","firewall","fstools","ip6tables","iptables","kmod-ath10k-ct","kmod-gpio-button-hotplug","kmod-ipt-offload","kmod-leds-gpio","kmod-usb-dwc3","kmod-usb-dwc3-qcom","kmod-usb3","libc","libgcc","libustream-wolfssl","logd","mtd","netifd","odhcp6c","odhcpd-ipv6only","opkg","ppp","ppp-mod-pppoe","procd","swconfig","uboot-envtools","uci","uclient-fetch","urandom-seed","urngd","wpad-basic-wolfssl"],"metadata_version":1,"profiles":{"linksys_mr8300":{"device_packages":["ath10k-firmware-qca9888-ct","ipq-wifi-linksys_mr8300-v0","kmod-usb-ledtrig-usbport"],"image_prefix":"openwrt-21.02.3-ipq40xx-generic-linksys_mr8300","images":[{"filesystem":"squashfs","name":"openwrt-21.02.3-ipq40xx-generic-linksys_mr8300-squashfs-factory.bin","sha256":"7697c6c3e69b9512726a32101519984fe735844817ba71534dca119dfea05264","type":"factory"},{"filesystem":"squashfs","name":"openwrt-21.02.3-ipq40xx-generic-linksys_mr8300-squashfs-sysupgrade.bin","sha256":"3a12327ce046e63b2d266c348593df9c42def032bc16a6a90424d1569bf9aee1","type":"sysupgrade"}],"supported_devices":["linksys,mr8300"],"titles":[{"model":"MR8300","vendor":"Linksys"}]}},"source_date_epoch":"1650113974","target":"ipq40xx/generic","version_code":"r16554-1d4dea6d4f","version_number":"21.02.3"}