{"arch_packages":"arm_cortex-a9_vfpv3-d16","default_packages":["base-files","busybox","ca-bundle","dnsmasq","dropbear","firewall","fstools","ip6tables","iptables","kmod-gpio-button-hotplug","kmod-ipt-offload","libc","libgcc","libustream-wolfssl","logd","mtd","netifd","odhcp6c","odhcpd-ipv6only","opkg","ppp","ppp-mod-pppoe","procd","uboot-envtools","uci","uclient-fetch","urandom-seed","urngd"],"metadata_version":1,"profiles":{"linksys_wrt1900ac-v1":{"device_packages":["kmod-mwlwifi","wpad-basic-wolfssl","mwlwifi-firmware-88w8864","iwinfo"],"image_prefix":"openwrt-21.02.3-mvebu-cortexa9-linksys_wrt1900ac-v1","images":[{"filesystem":"squashfs","name":"openwrt-21.02.3-mvebu-cortexa9-linksys_wrt1900ac-v1-squashfs-factory.img","sha256":"44947705216cfd5a333aa4e18d09871848255e9557b7fba32c38d41911bba2dc","type":"factory"},{"filesystem":"squashfs","name":"openwrt-21.02.3-mvebu-cortexa9-linksys_wrt1900ac-v1-squashfs-sysupgrade.bin","sha256":"ada6db2fc4cfd1d898c3a4ae0e06a51e0af7c98248e993767cb260813ac5f730","type":"sysupgrade"}],"supported_devices":["linksys,wrt1900ac-v1","armada-xp-linksys-mamba","linksys,mamba"],"titles":[{"model":"WRT1900AC","variant":"v1","vendor":"Linksys"},{"model":"Mamba","vendor":"Linksys"}]}},"source_date_epoch":"1650113974","target":"mvebu/cortexa9","version_code":"r16554-1d4dea6d4f","version_number":"21.02.3"}