{"arch_packages":"arm_cortex-a9_vfpv3-d16","default_packages":["base-files","busybox","ca-bundle","dnsmasq","dropbear","firewall","fstools","ip6tables","iptables","kmod-gpio-button-hotplug","kmod-ipt-offload","libc","libgcc","libustream-wolfssl","logd","mtd","netifd","odhcp6c","odhcpd-ipv6only","opkg","ppp","ppp-mod-pppoe","procd","uboot-envtools","uci","uclient-fetch","urandom-seed","urngd"],"metadata_version":1,"profiles":{"linksys_wrt1900ac-v2":{"device_packages":["kmod-mwlwifi","wpad-basic-wolfssl","mwlwifi-firmware-88w8864","iwinfo"],"image_prefix":"openwrt-21.02.3-mvebu-cortexa9-linksys_wrt1900ac-v2","images":[{"filesystem":"squashfs","name":"openwrt-21.02.3-mvebu-cortexa9-linksys_wrt1900ac-v2-squashfs-factory.img","sha256":"8b2e5d0536c5cf31a95e4d3c46d33f902903c1168570862b098e56094adfbddf","type":"factory"},{"filesystem":"squashfs","name":"openwrt-21.02.3-mvebu-cortexa9-linksys_wrt1900ac-v2-squashfs-sysupgrade.bin","sha256":"28ccac8c4cea49551e5f64cc704ed4929e9f367f71ea5ea697e7a79b1e55c17e","type":"sysupgrade"}],"supported_devices":["linksys,wrt1900ac-v2","armada-385-linksys-cobra","linksys,cobra"],"titles":[{"model":"WRT1900AC","variant":"v2","vendor":"Linksys"},{"model":"Cobra","vendor":"Linksys"}]}},"source_date_epoch":"1650113974","target":"mvebu/cortexa9","version_code":"r16554-1d4dea6d4f","version_number":"21.02.3"}